season;time;holidays;events;max load (MW)
winter;T1;Y;N;69198
winter;T2;N;N;78529
winter;T3;N;N;78024
winter;T3;N;N;78605
winter;T1;N;N;90516
winter;T1;N;Y;92051
winter;T1;N;N;92513
winter;T1;N;N;91447
winter;T2;N;N;90765
winter;T3;N;N;83444
winter;T3;N;N;80085
winter;T1;N;N;88927
winter;T1;N;N;85642
winter;T1;N;N;84767
winter;T1;N;N;84406
winter;T2;N;N;82431
winter;T3;N;N;71915
winter;T3;N;N;69573
winter;T1;N;N;79362
winter;T1;N;N;81671
winter;T1;N;N;82807
winter;T1;N;N;82078
winter;T2;N;N;77154
winter;T3;N;N;70452
winter;T3;N;N;69258
winter;T1;N;N;80830
winter;T1;N;N;82186
winter;T1;N;N;81999
winter;T1;N;N;81315
winter;T2;N;N;81690
winter;T3;N;N;74329
winter;T3;N;N;74103
winter;T1;N;N;84840
winter;T1;N;N;84014
winter;T1;N;N;82626
winter;T1;N;N;78775
winter;T2;N;N;76673
winter;T3;N;N;74534
winter;T3;N;N;72544
winter;T1;N;N;80083
winter;T1;N;N;80903
winter;T1;N;N;81183
winter;T1;N;N;82078
winter;T2;N;N;79762
winter;T3;N;Y;75143
winter;T3;N;N;73767
winter;T1;N;N;80440
winter;T1;N;N;79165
winter;T1;N;N;78154
winter;T1;N;N;77717
winter;T2;N;N;76682
winter;T3;N;N;67708
winter;T3;N;N;66917
winter;T1;N;N;75624
winter;T1;N;N;74148
winter;T1;N;N;72103
winter;T1;N;N;71972
winter;T2;N;N;70034
winter;T3;N;N;61215
spr/fall;T3;N;N;61361
spr/fall;T1;N;N;67606
spr/fall;T1;N;N;70450
spr/fall;T1;N;N;73784
spr/fall;T1;N;N;75624
spr/fall;T2;N;N;73693
spr/fall;T3;N;N;65831
spr/fall;T3;N;N;63406
spr/fall;T1;N;N;71190
spr/fall;T1;N;N;71557
spr/fall;T1;N;N;69894
spr/fall;T1;N;N;68988
spr/fall;T2;N;N;66959
spr/fall;T3;N;N;59438
spr/fall;T3;N;N;57313
spr/fall;T1;N;N;64255
spr/fall;T1;N;N;64601
spr/fall;T1;N;N;63564
spr/fall;T1;N;N;61983
spr/fall;T2;N;N;64268
spr/fall;T3;N;N;60425
spr/fall;T3;N;N;59652
spr/fall;T1;N;N;65720
spr/fall;T1;N;N;68561
spr/fall;T1;N;N;69444
spr/fall;T1;N;N;67918
spr/fall;T2;N;N;65435
spr/fall;T3;N;N;61603
spr/fall;T3;N;Y;59520
spr/fall;T1;N;N;67385
spr/fall;T1;N;N;68386
spr/fall;T1;N;N;66902
spr/fall;T1;N;N;65631
spr/fall;T2;N;N;63899
spr/fall;T3;N;N;55608
spr/fall;T3;N;Y;52217
spr/fall;T1;N;N;60392
spr/fall;T1;N;N;62159
spr/fall;T1;N;N;65042
spr/fall;T1;N;N;62145
spr/fall;T2;N;N;58730
spr/fall;T3;N;N;54148
spr/fall;T3;N;Y;51188
spr/fall;T1;Y;N;50237
spr/fall;T1;N;N;58620
spr/fall;T1;N;N;58776
spr/fall;T1;N;N;60508
spr/fall;T2;N;N;60090
spr/fall;T3;N;N;54229
spr/fall;T3;N;N;51445
spr/fall;T1;N;N;59293
spr/fall;T1;N;N;59244
spr/fall;T1;N;N;58215
spr/fall;T1;N;N;57064
spr/fall;T2;N;N;55710
spr/fall;T3;N;N;51093
spr/fall;T3;N;N;50452
spr/fall;T1;N;N;60102
spr/fall;T1;N;N;61847
spr/fall;T1;N;N;62326
spr/fall;T1;N;N;59894
spr/fall;T2;Y;N;48357
spr/fall;T3;N;N;49416
spr/fall;T3;N;N;48028
spr/fall;T1;N;N;56680
spr/fall;T1;N;N;58664
spr/fall;T1;N;N;58277
spr/fall;T1;N;N;56217
spr/fall;T2;Y;N;48662
spr/fall;T3;N;Y;48678
spr/fall;T3;N;N;46526
spr/fall;T1;N;N;55637
spr/fall;T1;N;N;57453
spr/fall;T1;N;N;57601
spr/fall;T1;N;N;57134
spr/fall;T2;N;N;57294
spr/fall;T3;N;N;50533
spr/fall;T3;N;N;47847
spr/fall;T1;N;N;55832
spr/fall;T1;N;N;56216
spr/fall;T1;N;N;55634
spr/fall;T1;Y;N;46995
spr/fall;T2;N;N;50268
spr/fall;T3;N;N;48155
spr/fall;T3;N;N;46616
spr/fall;T1;N;N;55958
spr/fall;T1;N;N;56352
spr/fall;T1;N;N;56217
spr/fall;T1;N;N;57100
spr/fall;T2;N;N;55591
spr/fall;T3;N;N;48647
spr/fall;T3;N;Y;45860
summer;T1;Y;N;46874
summer;T1;N;N;55809
summer;T1;N;N;56602
summer;T1;N;N;56233
summer;T2;N;N;55330
summer;T3;N;N;49607
summer;T3;N;Y;46332
summer;T1;N;N;56491
summer;T1;N;N;56731
summer;T1;N;N;57514
summer;T1;N;N;56991
summer;T2;N;N;55943
summer;T3;N;N;49541
summer;T3;N;N;46750
summer;T1;N;N;57111
summer;T1;N;N;56639
summer;T1;N;N;56934
summer;T1;N;N;57552
summer;T2;N;N;56588
summer;T3;N;N;49425
summer;T3;N;Y;46380
summer;T1;N;N;55277
summer;T1;N;N;56540
summer;T1;N;N;57197
summer;T1;N;N;57745
summer;T2;N;N;56944
summer;T3;N;N;49750
summer;T3;N;N;48401
summer;T1;N;N;58471
summer;T1;N;N;60508
summer;T1;N;N;61111
summer;T1;N;N;60576
summer;T2;N;N;59149
summer;T3;N;N;51606
summer;T3;N;N;48397
summer;T1;N;N;57383
summer;T1;N;N;57830
summer;T1;N;N;57516
summer;T1;N;N;57378
summer;T2;N;N;56582
summer;T3;N;N;50021
summer;T3;N;N;47593
summer;T1;N;N;52509
summer;T1;Y;N;47283
summer;T1;N;N;57725
summer;T1;N;N;58867
summer;T2;N;N;56944
summer;T3;N;N;48724
summer;T3;N;N;46502
summer;T1;N;N;56151
summer;T1;N;N;57956
summer;T1;N;N;57844
summer;T1;N;N;58095
summer;T2;N;N;56307
summer;T3;N;N;48573
summer;T3;N;N;47126
summer;T1;N;N;55013
summer;T1;N;N;55236
summer;T1;N;N;55704
summer;T1;N;N;55126
summer;T2;N;N;53691
summer;T3;N;N;48127
summer;T3;N;N;44398
summer;T1;N;N;50150
summer;T1;N;N;51259
summer;T1;N;N;51944
summer;T1;N;N;52417
summer;T2;N;N;51385
summer;T3;N;N;46402
summer;T3;N;N;43934
summer;T1;N;N;49377
summer;T1;N;N;50223
summer;T1;N;N;50729
summer;T1;N;N;51379
summer;T2;N;N;51333
summer;T3;Y;N;45647
summer;T3;N;N;45718
summer;T1;N;N;52163
summer;T1;N;N;53447
summer;T1;N;N;54652
summer;T1;N;N;55207
summer;T2;N;N;53233
summer;T3;N;N;47897
summer;T3;N;N;46609
summer;T1;N;N;55599
summer;T1;N;N;55853
summer;T1;N;N;55624
summer;T1;N;N;56879
summer;T2;N;N;55926
summer;T3;N;N;48184
summer;T3;N;N;46449
summer;T1;N;N;56225
spr/fall;T1;N;N;58292
spr/fall;T1;N;N;57637
spr/fall;T1;N;N;57505
spr/fall;T2;N;N;57035
spr/fall;T3;N;N;49126
spr/fall;T3;N;N;45908
spr/fall;T1;N;N;55741
spr/fall;T1;N;N;57008
spr/fall;T1;N;N;57291
spr/fall;T1;N;N;57369
spr/fall;T2;N;N;56410
spr/fall;T3;N;N;49186
spr/fall;T3;N;N;46410
spr/fall;T1;N;N;55474
spr/fall;T1;N;N;56758
spr/fall;T1;N;N;58291
spr/fall;T1;N;N;57493
spr/fall;T2;N;N;56602
spr/fall;T3;N;N;49647
spr/fall;T3;N;N;46631
spr/fall;T1;N;N;55893
spr/fall;T1;N;N;56724
spr/fall;T1;N;N;56894
spr/fall;T1;N;N;56909
spr/fall;T2;N;N;55767
spr/fall;T3;N;N;49567
spr/fall;T3;N;N;46832
spr/fall;T1;N;N;55774
spr/fall;T1;N;N;56563
spr/fall;T1;N;N;57043
spr/fall;T1;N;N;57014
spr/fall;T2;N;N;56655
spr/fall;T3;N;N;50593
spr/fall;T3;N;N;49130
spr/fall;T1;N;N;58567
spr/fall;T1;N;N;58508
spr/fall;T1;N;N;58141
spr/fall;T1;N;N;58383
spr/fall;T2;N;N;57483
spr/fall;T3;N;N;50589
spr/fall;T3;N;N;50314
spr/fall;T1;N;N;58797
spr/fall;T1;N;N;60695
spr/fall;T1;N;N;62956
spr/fall;T1;N;N;66496
spr/fall;T2;N;N;67536
spr/fall;T3;N;N;59145
spr/fall;T3;N;N;59153
spr/fall;T1;N;N;68844
spr/fall;T1;N;N;68083
spr/fall;T1;N;N;66931
spr/fall;T1;N;N;65530
spr/fall;T2;N;N;64463
spr/fall;T3;N;N;56247
spr/fall;T3;N;Y;53271
spr/fall;T1;N;N;64777
spr/fall;T1;N;N;65250
spr/fall;T1;N;N;65182
spr/fall;T1;N;N;64560
spr/fall;T2;N;N;64116
spr/fall;T3;N;N;56273
spr/fall;T3;Y;N;53376
spr/fall;T1;N;N;67859
spr/fall;T1;N;N;68790
spr/fall;T1;N;N;70770
spr/fall;T1;N;N;71862
spr/fall;T2;N;N;70057
spr/fall;T3;N;N;64254
spr/fall;T3;N;N;62318
spr/fall;T1;N;N;74483
spr/fall;T1;N;N;74503
spr/fall;T1;Y;N;65791
spr/fall;T1;N;N;71352
spr/fall;T2;N;N;66478
spr/fall;T3;N;N;59785
spr/fall;T3;N;N;57108
spr/fall;T1;N;N;66515
spr/fall;T1;N;N;68199
spr/fall;T1;N;N;68605
spr/fall;T1;N;N;68473
spr/fall;T2;N;N;65494
spr/fall;T3;N;N;58210
spr/fall;T3;N;N;57727
spr/fall;T1;N;N;69672
spr/fall;T1;N;N;68500
spr/fall;T1;N;N;71003
spr/fall;T1;N;N;71086
spr/fall;T2;N;N;70243
spr/fall;T3;N;N;64036
spr/fall;T3;N;Y;62012
spr/fall;T1;N;N;76757
winter;T1;N;N;77195
winter;T1;N;N;76481
winter;T1;N;N;76416
winter;T2;N;N;76120
winter;T3;N;N;65599
winter;T3;N;Y;62237
winter;T1;N;N;73810
winter;T1;N;N;75361
winter;T1;N;N;73213
winter;T1;N;N;73942
winter;T2;N;N;74795
winter;T3;N;N;71981
winter;T3;N;Y;74761
winter;T1;N;N;86167
winter;T1;N;N;88296
winter;T1;N;N;89719
winter;T1;N;N;89652
winter;T2;N;N;88718
winter;T3;N;N;86907
winter;T3;N;Y;81481
winter;T1;N;N;85066
winter;T1;N;N;80954
winter;T1;N;N;78573
winter;T1;N;N;72594
winter;T2;Y;N;64913
winter;T3;N;N;70613
winter;T3;N;N;67642
winter;T1;N;N;73938
winter;T1;N;N;68475
winter;T1;N;N;66873
winter;T1;N;Y;66069
winter;T2;Y;N;67290
winter;T3;N;N;74690
winter;T3;N;N;76037
winter;T1;N;N;90810
winter;T1;N;N;91049
winter;T1;N;Y;91308
winter;T1;N;N;91403
winter;T2;N;N;92242
winter;T3;N;N;88725
winter;T3;N;N;84472
winter;T1;N;N;90782
winter;T1;N;N;92050
winter;T1;N;N;87165
winter;T1;N;N;87271
winter;T2;N;N;83228
winter;T3;N;N;77348
winter;T3;N;N;70160
winter;T1;N;N;82514
winter;T1;N;N;85619
winter;T1;N;N;84512
winter;T1;N;N;83283
winter;T2;N;N;81121
winter;T3;N;N;74093
winter;T3;N;N;71769
winter;T1;N;N;83650
winter;T1;N;N;88822
winter;T1;N;N;88749
winter;T1;N;N;87538
winter;T2;N;N;83309
winter;T3;N;N;78379
winter;T3;N;N;78413
winter;T1;N;N;86825
winter;T1;N;N;85786
winter;T1;N;N;80974
winter;T1;N;N;81318
winter;T2;N;N;77098
winter;T3;N;N;70879
winter;T3;N;N;70356
winter;T1;N;N;82737
winter;T1;N;N;88202
winter;T1;N;N;90181
winter;T1;N;N;93402
winter;T2;N;N;88989
winter;T3;N;N;86181
winter;T3;N;Y;82174
winter;T1;N;N;87123
winter;T1;N;N;85880
winter;T1;N;N;84072
winter;T1;N;N;79806
winter;T2;N;N;78834
winter;T3;N;N;72992
winter;T3;N;N;70118
winter;T1;N;N;75582
winter;T1;N;N;72859
winter;T1;N;N;73673
winter;T1;N;N;72544
winter;T2;N;N;71248
winter;T3;N;N;66557
winter;T3;N;N;64535
spr/fall;T1;N;N;74038
spr/fall;T1;N;N;73133
spr/fall;T1;N;N;77142
spr/fall;T1;N;N;77794
spr/fall;T2;N;N;78891
spr/fall;T3;N;N;72517
spr/fall;T3;N;N;77056
spr/fall;T1;N;N;84239
spr/fall;T1;N;N;85073
spr/fall;T1;N;N;86202
spr/fall;T1;N;N;85870
spr/fall;T2;N;N;84963
spr/fall;T3;N;N;72701
spr/fall;T3;N;N;70500
spr/fall;T1;N;N;76675
spr/fall;T1;N;N;76319
spr/fall;T1;N;N;73221
spr/fall;T1;N;N;68986
spr/fall;T2;N;N;65100
spr/fall;T3;N;N;58122
spr/fall;T3;N;N;58452
spr/fall;T1;N;N;65414
spr/fall;T1;N;N;63821
spr/fall;T1;N;N;63799
spr/fall;T1;N;N;64521
spr/fall;T2;N;N;64729
spr/fall;T3;N;N;60160
spr/fall;T3;N;Y;56825
spr/fall;T1;N;N;64017
spr/fall;T1;N;N;66117
spr/fall;T1;N;N;69519
spr/fall;T1;N;N;71366
spr/fall;T2;N;N;69821
spr/fall;T3;N;N;62311
spr/fall;T3;N;Y;60077
spr/fall;T1;Y;N;58209
spr/fall;T1;N;N;66949
spr/fall;T1;N;N;64216
spr/fall;T1;N;N;66368
spr/fall;T2;N;N;65117
spr/fall;T3;N;N;53317
spr/fall;T3;N;N;55020
spr/fall;T1;N;N;64451
spr/fall;T1;N;N;66058
spr/fall;T1;N;N;66056
spr/fall;T1;N;N;64168
spr/fall;T2;N;N;63036
spr/fall;T3;N;N;53404
spr/fall;T3;N;N;50558
spr/fall;T1;N;N;57854
spr/fall;T1;N;N;58721
spr/fall;T1;N;N;59020
spr/fall;T1;N;N;59307
spr/fall;T2;N;N;59045
spr/fall;T3;N;N;50735
spr/fall;T3;N;N;48439
spr/fall;T1;N;N;56921
spr/fall;T1;N;N;56659
spr/fall;T1;N;N;56318
spr/fall;T1;N;N;56564
spr/fall;T2;N;N;56129
spr/fall;T3;Y;N;47408
spr/fall;T3;N;N;49389
spr/fall;T1;N;N;61232
spr/fall;T1;N;N;65532
spr/fall;T1;N;N;67261
spr/fall;T1;N;N;66583
spr/fall;T2;N;N;64788
spr/fall;T3;Y;N;54212
spr/fall;T3;N;Y;52061
spr/fall;T1;N;N;60568
spr/fall;T1;N;N;63467
spr/fall;T1;N;N;63893
spr/fall;T1;Y;N;55452
spr/fall;T2;N;N;58193
spr/fall;T3;N;N;54230
spr/fall;T3;N;N;52158
spr/fall;T1;N;N;59761
spr/fall;T1;N;N;58841
spr/fall;T1;N;N;59022
spr/fall;T1;N;N;58220
spr/fall;T2;N;N;56662
spr/fall;T3;N;N;49231
spr/fall;T3;N;Y;46891
spr/fall;T1;Y;N;48172
spr/fall;T1;N;N;56844
spr/fall;T1;N;N;57019
spr/fall;T1;N;N;55458
spr/fall;T2;N;N;55763
spr/fall;T3;N;N;49524
spr/fall;T3;N;Y;47764
spr/fall;T1;N;N;56862
summer;T1;N;N;57235
summer;T1;N;N;57751
summer;T1;N;N;56839
summer;T2;N;N;56762
summer;T3;N;N;50056
summer;T3;N;N;46804
summer;T1;N;N;55886
summer;T1;N;N;57206
summer;T1;N;N;57702
summer;T1;N;N;57927
summer;T2;N;N;57091
summer;T3;N;N;49824
summer;T3;N;N;46854
summer;T1;N;N;56251
summer;T1;N;N;56992
summer;T1;N;N;57181
summer;T1;N;N;56959
summer;T2;N;N;56611
summer;T3;N;N;50232
summer;T3;N;Y;48024
summer;T1;N;N;56847
summer;T1;N;N;56711
summer;T1;N;N;57043
summer;T1;N;N;54970
summer;T2;N;N;56896
summer;T3;N;N;50450
summer;T3;N;N;48730
summer;T1;N;N;58085
summer;T1;N;N;58927
summer;T1;N;N;59306
summer;T1;N;N;60032
summer;T2;N;N;60386
summer;T3;N;N;51945
summer;T3;N;N;49348
summer;T1;N;N;58288
summer;T1;N;N;58787
summer;T1;N;N;59033
summer;T1;N;N;60331
summer;T2;N;N;60384
summer;T3;N;N;52178
summer;T3;N;N;50421
summer;T1;N;N;59223
summer;T1;N;N;59530
summer;T1;N;Y;50751
summer;T1;N;N;57833
summer;T2;N;N;58531
summer;T3;N;N;50390
summer;T3;N;N;48627
summer;T1;N;N;57932
summer;T1;N;N;59487
summer;T1;N;N;58746
summer;T1;N;N;58257
summer;T2;N;N;56673
summer;T3;N;N;49073
summer;T3;N;N;47157
summer;T1;N;N;55528
summer;T1;N;N;56519
summer;T1;N;N;57261
summer;T1;N;N;56635
summer;T2;N;N;54825
summer;T3;N;N;48773
summer;T3;N;N;45636
summer;T1;N;N;51835
summer;T1;N;N;51554
summer;T1;N;N;51831
summer;T1;N;N;51183
summer;T2;N;N;50651
summer;T3;N;N;46252
summer;T3;N;N;45022
summer;T1;N;N;50350
summer;T1;N;N;51063
summer;T1;N;N;51187
summer;T1;N;N;50841
summer;T2;N;N;50273
summer;T3;N;N;45888
summer;T3;Y;N;44321
summer;T1;N;N;50770
summer;T1;N;N;51092
summer;T1;N;N;51550
summer;T1;N;N;51794
summer;T2;N;N;52622
summer;T3;N;N;48230
summer;T3;N;N;46749
summer;T1;N;N;54986
summer;T1;N;N;55364
summer;T1;N;N;55630
summer;T1;N;N;57348
summer;T2;N;N;56841
summer;T3;N;N;48790
summer;T3;N;N;46916
summer;T1;N;N;55886
summer;T1;N;N;56471
spr/fall;T1;N;N;56608
spr/fall;T1;N;N;56898
spr/fall;T2;N;N;56760
spr/fall;T3;N;N;49750
spr/fall;T3;N;N;47044
spr/fall;T1;N;N;56275
spr/fall;T1;N;N;55181
spr/fall;T1;N;N;57057
spr/fall;T1;N;N;56385
spr/fall;T2;N;N;55994
spr/fall;T3;N;N;49502
spr/fall;T3;N;N;46741
spr/fall;T1;N;N;55615
spr/fall;T1;N;N;56546
spr/fall;T1;N;N;57431
spr/fall;T1;N;N;57140
spr/fall;T2;N;N;56843
spr/fall;T3;N;N;50057
spr/fall;T3;N;N;47346
spr/fall;T1;N;N;56081
spr/fall;T1;N;N;57015
spr/fall;T1;N;N;57295
spr/fall;T1;N;N;55181
spr/fall;T2;N;N;56945
spr/fall;T3;N;N;50841
spr/fall;T3;N;N;50365
spr/fall;T1;N;N;59814
spr/fall;T1;N;N;60869
spr/fall;T1;N;N;60294
spr/fall;T1;N;N;60077
spr/fall;T2;N;N;59627
spr/fall;T3;N;N;52710
spr/fall;T3;N;N;50629
spr/fall;T1;N;N;59126
spr/fall;T1;N;N;59905
spr/fall;T1;N;N;59589
spr/fall;T1;N;N;59085
spr/fall;T2;N;N;57885
spr/fall;T3;N;N;51142
spr/fall;T3;N;N;50659
spr/fall;T1;N;N;59233
spr/fall;T1;N;N;58032
spr/fall;T1;N;N;61087
spr/fall;T1;N;N;62348
spr/fall;T2;N;N;62347
spr/fall;T3;N;N;56923
spr/fall;T3;N;N;59086
spr/fall;T1;N;N;68326
spr/fall;T1;N;N;67047
spr/fall;T1;N;N;68262
spr/fall;T1;N;N;71535
spr/fall;T2;N;N;71199
spr/fall;T3;N;N;62034
spr/fall;T3;N;N;59732
spr/fall;T1;N;N;70752
spr/fall;T1;N;N;74335
spr/fall;T1;N;N;72366
spr/fall;T1;N;N;68157
spr/fall;T2;N;N;66695
spr/fall;T3;N;N;57313
spr/fall;T3;N;Y;54694
spr/fall;T1;Y;N;58406
spr/fall;T1;N;N;70003
spr/fall;T1;N;N;68841
spr/fall;T1;N;N;67074
spr/fall;T2;N;N;64814
spr/fall;T3;N;N;58951
spr/fall;T3;N;N;60487
spr/fall;T1;N;N;75948
spr/fall;T1;N;N;74539
spr/fall;T1;N;N;74293
spr/fall;T1;Y;N;65698
spr/fall;T2;N;N;66186
spr/fall;T3;N;N;59927
spr/fall;T3;N;N;58459
spr/fall;T1;N;N;72940
spr/fall;T1;N;N;75966
spr/fall;T1;N;N;79106
spr/fall;T1;N;N;77635
spr/fall;T2;N;N;75417
spr/fall;T3;N;N;67631
spr/fall;T3;N;N;66767
spr/fall;T1;N;N;80899
spr/fall;T1;N;N;82285
spr/fall;T1;N;N;83070
spr/fall;T1;N;N;85802
spr/fall;T2;N;N;84670
spr/fall;T3;N;N;80121
spr/fall;T3;N;Y;78092
spr/fall;T1;N;N;90609
spr/fall;T1;N;N;92330
winter;T1;N;N;91275
winter;T1;N;N;91778
winter;T2;N;N;91206
winter;T3;N;N;85454
winter;T3;N;Y;79247
winter;T1;N;Y;86916
winter;T1;N;N;86197
winter;T1;N;N;85311
winter;T1;N;N;89275
winter;T2;N;N;87787
winter;T3;N;N;77154
winter;T3;N;Y;75990
winter;T1;N;N;92195
winter;T1;N;N;94932
winter;T1;N;N;96710
winter;T1;N;N;94422
winter;T2;N;N;90885
winter;T3;N;N;85636
winter;T3;N;Y;78807
winter;T1;N;N;85548
winter;T1;N;N;83969
winter;T1;N;N;82974
winter;T1;N;N;82813
winter;T2;N;N;80400
winter;T3;Y;N;78233
winter;T3;N;N;80705
winter;T1;N;N;87099
winter;T1;N;N;82242
winter;T1;N;N;79063
winter;T1;N;N;78283
winter;T2;N;Y;76468
winter;T3;Y;N;71057
winter;T3;N;N;75983
winter;T1;N;N;89637
winter;T1;N;N;91942
winter;T1;N;N;89768
winter;T1;N;Y;81316
winter;T2;N;N;74399
winter;T3;N;N;66667
winter;T3;N;N;67720
winter;T1;N;N;82494
winter;T1;N;N;81506
winter;T1;N;N;79200
winter;T1;N;N;74602
winter;T2;N;N;72960
winter;T3;N;N;65957
winter;T3;N;N;65349
winter;T1;N;N;76363
winter;T1;N;N;78598
winter;T1;N;N;82450
winter;T1;N;N;86170
winter;T2;N;N;87572
winter;T3;N;N;81037
winter;T3;N;N;77485
winter;T1;N;N;87449
winter;T1;N;N;85801
winter;T1;N;N;85413
winter;T1;N;N;87033
winter;T2;N;N;86487
winter;T3;N;N;80915
winter;T3;N;N;80616
winter;T1;N;N;91580
winter;T1;N;N;91940
winter;T1;N;N;88108
winter;T1;N;N;84089
winter;T2;N;N;80689
winter;T3;N;N;69461
winter;T3;N;N;67807
winter;T1;N;N;78154
winter;T1;N;N;77071
winter;T1;N;N;78390
winter;T1;N;N;77536
winter;T2;N;N;74239
winter;T3;N;N;67019
winter;T3;N;N;66681
winter;T1;N;Y;77876
winter;T1;N;N;78507
winter;T1;N;N;75441
winter;T1;N;N;76201
winter;T2;N;N;74913
winter;T3;N;N;70001
winter;T3;N;N;67567
winter;T1;N;N;75972
winter;T1;N;N;76723
winter;T1;N;N;78043
winter;T1;N;N;75693
winter;T2;N;N;72065
winter;T3;N;N;65898
winter;T3;N;N;67342
winter;T1;N;N;77082
spr/fall;T1;N;N;79053
spr/fall;T1;N;N;78966
spr/fall;T1;N;N;76722
spr/fall;T2;N;N;78891
spr/fall;T3;N;N;68452
spr/fall;T3;N;N;67244
spr/fall;T1;N;N;75873
spr/fall;T1;N;N;75887
spr/fall;T1;N;N;72871
spr/fall;T1;N;N;72575
spr/fall;T2;N;N;70057
spr/fall;T3;N;N;63805
spr/fall;T3;N;N;62109
spr/fall;T1;N;N;66395
spr/fall;T1;N;N;66734
spr/fall;T1;N;N;67223
spr/fall;T1;N;N;71234
spr/fall;T2;N;N;68548
spr/fall;T3;N;N;62690
spr/fall;T3;N;N;61079
spr/fall;T1;N;N;67180
spr/fall;T1;N;N;67697
spr/fall;T1;N;N;66251
spr/fall;T1;N;N;64211
spr/fall;T2;N;N;61655
spr/fall;T3;N;N;55121
spr/fall;T3;N;Y;54156
spr/fall;T1;N;N;60874
spr/fall;T1;N;N;62521
spr/fall;T1;N;N;62443
spr/fall;T1;N;N;63782
spr/fall;T2;N;N;61570
spr/fall;T3;N;N;51098
spr/fall;T3;N;N;51510
spr/fall;T1;N;N;60551
spr/fall;T1;N;N;62227
spr/fall;T1;N;N;59517
spr/fall;T1;N;N;56594
spr/fall;T2;N;N;55647
spr/fall;T3;N;N;49237
spr/fall;T3;N;N;47589
spr/fall;T1;N;N;55642
spr/fall;T1;N;N;58261
spr/fall;T1;N;N;59668
spr/fall;T1;N;N;60543
spr/fall;T2;N;N;59899
spr/fall;T3;N;N;51858
spr/fall;T3;N;Y;50122
spr/fall;T1;N;N;56790
spr/fall;T1;N;N;56424
spr/fall;T1;N;N;56408
spr/fall;T1;N;N;56257
spr/fall;T2;N;N;55054
spr/fall;T3;N;N;49744
spr/fall;T3;N;Y;46668
spr/fall;T1;Y;N;47199
spr/fall;T1;N;N;54898
spr/fall;T1;N;N;55650
spr/fall;T1;N;N;57525
spr/fall;T2;N;N;57221
spr/fall;T3;N;N;49215
spr/fall;T3;Y;N;45983
spr/fall;T1;N;N;55130
spr/fall;T1;N;N;56466
spr/fall;T1;N;N;56186
spr/fall;T1;N;N;55568
spr/fall;T2;N;N;55195
spr/fall;T3;N;N;48876
spr/fall;T3;Y;N;46962
spr/fall;T1;N;Y;54963
spr/fall;T1;N;N;55399
spr/fall;T1;N;N;55935
spr/fall;T1;N;N;55736
spr/fall;T2;N;N;54954
spr/fall;T3;N;N;49257
spr/fall;T3;N;N;47382
spr/fall;T1;N;N;55433
spr/fall;T1;N;N;55356
spr/fall;T1;N;N;56218
spr/fall;T1;N;N;55729
spr/fall;T2;N;N;55481
spr/fall;T3;N;N;48868
spr/fall;T3;N;N;46595
spr/fall;T1;N;N;54906
spr/fall;T1;N;N;55655
spr/fall;T1;N;N;55761
spr/fall;T1;N;N;56204
spr/fall;T2;N;N;55958
spr/fall;T3;N;N;48996
spr/fall;T3;N;Y;47573
spr/fall;T1;N;N;55700
spr/fall;T1;N;N;56119
summer;T1;N;N;56565
summer;T1;Y;N;48080
summer;T2;N;N;51572
summer;T3;N;N;48638
summer;T3;N;N;46451
summer;T1;N;N;55548
summer;T1;N;N;56336
summer;T1;N;N;56155
summer;T1;N;N;55468
summer;T2;N;N;55847
summer;T3;N;N;48748
summer;T3;N;Y;46240
summer;T1;Y;N;47991
summer;T1;N;N;56203
summer;T1;N;N;56924
summer;T1;N;N;57066
summer;T2;N;N;56252
summer;T3;N;N;49341
summer;T3;N;Y;47099
summer;T1;N;N;56104
summer;T1;N;N;57151
summer;T1;N;N;57625
summer;T1;N;N;56376
summer;T2;N;N;55843
summer;T3;N;N;49466
summer;T3;N;N;49106
summer;T1;N;N;58178
summer;T1;N;N;59063
summer;T1;N;N;57627
summer;T1;N;N;56508
summer;T2;N;N;55718
summer;T3;N;N;48968
summer;T3;N;N;47945
summer;T1;N;N;55980
summer;T1;N;N;57236
summer;T1;N;N;57289
summer;T1;N;N;57093
summer;T2;N;N;55947
summer;T3;N;N;49940
summer;T3;N;N;47789
summer;T1;N;N;56203
summer;T1;N;N;57433
summer;T1;N;N;57145
summer;T1;Y;N;46715
summer;T2;N;N;50942
summer;T3;N;N;47657
summer;T3;N;N;45947
summer;T1;N;N;54121
summer;T1;N;N;55837
summer;T1;N;N;55956
summer;T1;N;N;55919
summer;T2;N;N;54716
summer;T3;N;N;47676
summer;T3;N;N;45788
summer;T1;N;N;54294
summer;T1;N;N;54374
summer;T1;N;N;54506
summer;T1;N;N;54102
summer;T2;N;N;52592
summer;T3;N;N;46436
summer;T3;N;N;45087
summer;T1;N;N;49930
summer;T1;N;N;50947
summer;T1;N;N;50959
summer;T1;N;N;51201
summer;T2;N;N;51166
summer;T3;N;N;46378
summer;T3;N;N;43861
summer;T1;N;N;48471
summer;T1;N;N;48585
summer;T1;N;N;48534
summer;T1;N;N;49247
summer;T2;N;N;49437
summer;T3;N;N;45097
summer;T3;N;N;43948
summer;T1;Y;N;44590
summer;T1;N;N;49717
summer;T1;N;N;50795
summer;T1;N;N;51243
summer;T2;N;N;51382
summer;T3;N;N;47059
summer;T3;N;N;46635
summer;T1;N;N;53776
summer;T1;N;N;55768
summer;T1;N;N;55016
summer;T1;N;N;54895
summer;T2;N;N;54975
summer;T3;N;N;47089
summer;T3;N;N;45695
summer;T1;N;N;53784
summer;T1;N;N;54606
summer;T1;N;N;55258
spr/fall;T1;N;N;56266
spr/fall;T2;N;N;56541
spr/fall;T3;N;N;49540
spr/fall;T3;N;N;46100
spr/fall;T1;N;N;54241
spr/fall;T1;N;N;54878
spr/fall;T1;N;N;55752
spr/fall;T1;N;N;56290
spr/fall;T2;N;N;56168
spr/fall;T3;N;N;49662
spr/fall;T3;N;N;46171
spr/fall;T1;N;N;55345
spr/fall;T1;N;N;56187
spr/fall;T1;N;N;56244
spr/fall;T1;N;N;55581
spr/fall;T2;N;N;55799
spr/fall;T3;N;N;49399
spr/fall;T3;N;N;46542
spr/fall;T1;N;N;55229
spr/fall;T1;N;N;55709
spr/fall;T1;N;N;56124
spr/fall;T1;N;N;55460
spr/fall;T2;N;N;54799
spr/fall;T3;N;N;49047
spr/fall;T3;N;N;46248
spr/fall;T1;N;N;54547
spr/fall;T1;N;N;55694
spr/fall;T1;N;N;55830
spr/fall;T1;N;N;55571
spr/fall;T2;N;N;54607
spr/fall;T3;N;N;48745
spr/fall;T3;N;N;47073
spr/fall;T1;N;N;55634
spr/fall;T1;N;N;56261
spr/fall;T1;N;N;56579
spr/fall;T1;N;N;56776
spr/fall;T2;N;N;56055
spr/fall;T3;N;N;52018
spr/fall;T3;N;N;50823
spr/fall;T1;N;N;58532
spr/fall;T1;N;N;58052
spr/fall;T1;N;N;58771
spr/fall;T1;N;N;58651
spr/fall;T2;N;N;57385
spr/fall;T3;N;N;51644
spr/fall;T3;N;N;51396
spr/fall;T1;N;N;59728
spr/fall;T1;N;N;61840
spr/fall;T1;N;N;64030
spr/fall;T1;N;N;66053
spr/fall;T2;N;N;67805
spr/fall;T3;N;N;59684
spr/fall;T3;N;N;54941
spr/fall;T1;N;N;63198
spr/fall;T1;N;N;63758
spr/fall;T1;N;N;64179
spr/fall;T1;N;N;63595
spr/fall;T2;N;N;62006
spr/fall;T3;N;N;53838
spr/fall;T3;N;Y;51183
spr/fall;T1;N;N;57197
spr/fall;T1;Y;N;55520
spr/fall;T1;N;N;64904
spr/fall;T1;N;N;65085
spr/fall;T2;N;N;63227
spr/fall;T3;N;N;56882
spr/fall;T3;N;N;55213
spr/fall;T1;N;N;68095
spr/fall;T1;N;N;68560
spr/fall;T1;N;N;67623
spr/fall;T1;N;N;66549
spr/fall;T2;Y;N;58612
spr/fall;T3;N;N;57450
spr/fall;T3;N;N;56702
spr/fall;T1;N;N;70115
spr/fall;T1;N;N;73028
spr/fall;T1;N;N;74362
spr/fall;T1;N;N;72285
spr/fall;T2;N;N;69699
spr/fall;T3;N;N;62372
spr/fall;T3;N;N;59906
spr/fall;T1;N;N;70587
spr/fall;T1;N;N;70893
spr/fall;T1;N;N;71330
spr/fall;T1;N;N;73459
spr/fall;T2;N;N;72938
spr/fall;T3;N;N;66200
spr/fall;T3;N;Y;62607
spr/fall;T1;N;N;75241
spr/fall;T1;N;N;75337
spr/fall;T1;N;N;74635
winter;T1;N;N;72614
winter;T2;N;N;71095
winter;T3;N;N;64943
winter;T3;N;Y;61377
winter;T1;N;N;75880
winter;T1;N;Y;77649
winter;T1;N;N;76301
winter;T1;N;N;75314
winter;T2;N;N;73678
winter;T3;N;N;66945
winter;T3;N;Y;66877
winter;T1;N;N;76649
winter;T1;N;N;76983
winter;T1;N;N;78435
winter;T1;N;N;78939
winter;T2;N;N;76781
winter;T3;N;N;73077
winter;T3;N;Y;72818
winter;T1;N;N;82751
winter;T1;N;N;78932
winter;T1;N;N;75461
winter;T1;N;N;72035
winter;T2;N;N;69243
winter;T3;N;N;65756
winter;T3;Y;N;62345
winter;T1;N;N;70201
winter;T1;N;N;74549
winter;T1;N;N;73873
winter;T1;N;N;74351
winter;T2;N;N;71412
winter;T3;N;Y;62781
